´ó°×²Ë,0.40,0.50,0.60,´æ´¢,½ï,2021-03-27
´ó°×²Ë,0.70,0.75,0.80,ÐÂ,½ï,2021-03-27
ÍÞÍÞ²Ë,0.60,0.75,0.90,´ó\Ð¡,½ï,2021-03-27
ÇÛ²Ë,0.70,0.85,1.00,Â³,½ï,2021-03-27
²¤²Ë,0.60,0.90,1.20,³¤¸Ë\¼½,½ï,2021-03-27
·¬ÇÑ,1.00,1.40,1.80,´¨Â³ÃÉ,½ï,2021-03-27
·¬ÇÑ£¨¾«Æ·£©,1.60,1.80,2.00,ÆÕÍ¨,½ï,2021-03-27
»Æ¹Ï,1.50,1.75,2.00,ÃÉÁÉ´ü\Â³,½ï,2021-03-27
»Æ¹Ï(ÏÊ¸É»¨),2.60,2.90,3.20,¼½,½ï,2021-03-27
Ð¡»Æ¹Ï,3.80,4.90,6.00,ºµ\ºÉÀ¼,½ï,2021-03-27
ÇÑ×Ó,1.20,1.60,2.00,Â³\¼½,½ï,2021-03-27
¼Ü¶¹,2.60,3.05,3.50,\¼½,½ï,2021-03-27
¼â½·,1.50,2.00,2.50,¼½½ú/Â³ÐÂ,½ï,2021-03-27
ÊÁ×Ó½·,1.40,1.85,2.30,\Â³ÐÂ,½ï,2021-03-27
ÍÁ¶¹,0.60,0.80,1.00,\¼½,½ï,2021-03-27
ÐÂÍÁ¶¹,0.70,0.95,1.20,ÉÂ¼½ÔÆÐÂ,½ï,2021-03-27
»Æ´ÐÍ·,0.80,1.00,1.20,\ÃÉ¸Ê,½ï,2021-03-27
ºì´ÐÍ·,0.90,1.10,1.30,ÆÕÍ¨,½ï,2021-03-27
´Ð,3.50,3.75,4.00,¼½/ËÕÂ³Ãö,½ï,2021-03-27
µõ¶¬¹Ï,1.70,1.95,2.20,¹ð,½ï,2021-03-27
